{"cameraMode":{"drawMode":0,"name":"Shaded","section":"Shading Mode"},"sceneLighting":false,"audioPlay":false,"sceneViewState":{"m_AlwaysRefresh":false,"showFog":true,"showSkybox":false,"showFlares":true,"showImageEffects":true,"showParticleSystems":true,"showVisualEffectGraphs":true,"m_FxEnabled":true},"in2DMode":false,"pivot":{"x":0.060098469257354739,"y":0.13075780868530274,"z":0.13531112670898438},"rotation":{"x":0.22854085266590119,"y":-0.12373367697000504,"z":0.0292980894446373,"w":0.96519535779953},"size":0.8149556517601013,"orthographic":false}